NN;XX;YY
X1;-76.13888889;-12.29361111
